{
  "v": "5.8.1",
  "fr": 25,
  "ip": 0,
  "op": 55,
  "w": 500,
  "h": 500,
  "nm": "New Success Lottie 2",
  "ddd": 0,
  "assets": [
    {
      "id": "comp_0",
      "nm": "New Success Lottie",
      "fr": 25,
      "layers": [
        {
          "ddd": 0,
          "ind": 1,
          "ty": 4,
          "nm": "VZ",
          "sr": 1,
          "ks": {
            "o": {
              "a": 1,
              "k": [
                {
                  "i": {"x": [0.667], "y": [1]},
                  "o": {"x": [0.333], "y": [0]},
                  "t": 34,
                  "s": [0]
                },
                {"t": 39, "s": [100]}
              ],
              "ix": 11
            },
            "r": {"a": 0, "k": 0, "ix": 10},
            "p": {"a": 0, "k": [250, 250, 0], "ix": 2, "l": 2},
            "a": {"a": 0, "k": [180.611, 93.903, 0], "ix": 1, "l": 2},
            "s": {
              "a": 1,
              "k": [
                {
                  "i": {"x": [0.667, 0.667, 0.667], "y": [1, 1, 1]},
                  "o": {"x": [0.333, 0.333, 0.333], "y": [0, 0, 0]},
                  "t": 32,
                  "s": [0, 0, 100]
                },
                {"t": 39, "s": [100, 100, 100]}
              ],
              "ix": 6,
              "l": 2
            }
          },
          "ao": 0,
          "shapes": [
            {
              "ty": "gr",
              "it": [
                {
                  "ind": 0,
                  "ty": "sh",
                  "ix": 1,
                  "ks": {
                    "a": 0,
                    "k": {
                      "i": [
                        [0, 0],
                        [0, 0],
                        [0, 0],
                        [0, 0],
                        [0, 0],
                        [0, 0],
                        [0, 0]
                      ],
                      "o": [
                        [0, 0],
                        [0, 0],
                        [0, 0],
                        [0, 0],
                        [0, 0],
                        [0, 0],
                        [0, 0]
                      ],
                      "v": [
                        [0.001, 20.18],
                        [45.533, -93.653],
                        [98.309, -93.653],
                        [18.109, 93.653],
                        [-19.661, 93.653],
                        [-98.309, -93.653],
                        [-45.533, -93.653]
                      ],
                      "c": true
                    },
                    "ix": 2
                  },
                  "nm": "Path 1",
                  "mn": "ADBE Vector Shape - Group",
                  "hd": false
                },
                {
                  "ty": "fl",
                  "c": {"a": 0, "k": [1, 1, 1, 1], "ix": 4},
                  "o": {"a": 0, "k": 100, "ix": 5},
                  "r": 1,
                  "bm": 0,
                  "nm": "Fill 1",
                  "mn": "ADBE Vector Graphic - Fill",
                  "hd": false
                },
                {
                  "ty": "tr",
                  "p": {"a": 0, "k": [98.559, 93.903], "ix": 2},
                  "a": {"a": 0, "k": [0, 0], "ix": 1},
                  "s": {"a": 0, "k": [100, 100], "ix": 3},
                  "r": {"a": 0, "k": 0, "ix": 6},
                  "o": {"a": 0, "k": 100, "ix": 7},
                  "sk": {"a": 0, "k": 0, "ix": 4},
                  "sa": {"a": 0, "k": 0, "ix": 5},
                  "nm": "Transform"
                }
              ],
              "nm": "Group 1",
              "np": 2,
              "cix": 2,
              "bm": 0,
              "ix": 1,
              "mn": "ADBE Vector Group",
              "hd": false
            },
            {
              "ty": "gr",
              "it": [
                {
                  "ind": 0,
                  "ty": "sh",
                  "ix": 1,
                  "ks": {
                    "a": 0,
                    "k": {
                      "i": [
                        [0, 0],
                        [0, 0],
                        [0, 0],
                        [0, 0],
                        [0, 0],
                        [0, 0],
                        [0, 0],
                        [0, 0]
                      ],
                      "o": [
                        [0, 0],
                        [0, 0],
                        [0, 0],
                        [0, 0],
                        [0, 0],
                        [0, 0],
                        [0, 0],
                        [0, 0]
                      ],
                      "v": [
                        [75.284, 52.259],
                        [75.284, 93.653],
                        [-85.115, 93.653],
                        [3.362, -52.777],
                        [-70.111, -52.777],
                        [-70.111, -93.653],
                        [85.115, -93.653],
                        [-3.363, 52.259]
                      ],
                      "c": true
                    },
                    "ix": 2
                  },
                  "nm": "Path 1",
                  "mn": "ADBE Vector Shape - Group",
                  "hd": false
                },
                {
                  "ty": "fl",
                  "c": {"a": 0, "k": [1, 1, 1, 1], "ix": 4},
                  "o": {"a": 0, "k": 100, "ix": 5},
                  "r": 1,
                  "bm": 0,
                  "nm": "Fill 1",
                  "mn": "ADBE Vector Graphic - Fill",
                  "hd": false
                },
                {
                  "ty": "tr",
                  "p": {"a": 0, "k": [275.858, 93.903], "ix": 2},
                  "a": {"a": 0, "k": [0, 0], "ix": 1},
                  "s": {"a": 0, "k": [100, 100], "ix": 3},
                  "r": {"a": 0, "k": 0, "ix": 6},
                  "o": {"a": 0, "k": 100, "ix": 7},
                  "sk": {"a": 0, "k": 0, "ix": 4},
                  "sa": {"a": 0, "k": 0, "ix": 5},
                  "nm": "Transform"
                }
              ],
              "nm": "Group 2",
              "np": 2,
              "cix": 2,
              "bm": 0,
              "ix": 2,
              "mn": "ADBE Vector Group",
              "hd": false
            }
          ],
          "ip": 32,
          "op": 89,
          "st": 34,
          "bm": 0
        },
        {
          "ddd": 0,
          "ind": 2,
          "ty": 4,
          "nm": "Layer 4 Outlines",
          "sr": 1,
          "ks": {
            "o": {"a": 0, "k": 100, "ix": 11},
            "r": {"a": 0, "k": 0, "ix": 10},
            "p": {"a": 0, "k": [250, 250, 0], "ix": 2, "l": 2},
            "a": {"a": 0, "k": [250.442, 205.727, 0], "ix": 1, "l": 2},
            "s": {"a": 0, "k": [100, 100, 100], "ix": 6, "l": 2}
          },
          "ao": 0,
          "shapes": [
            {
              "ty": "gr",
              "it": [
                {
                  "ind": 0,
                  "ty": "sh",
                  "ix": 1,
                  "ks": {
                    "a": 0,
                    "k": {
                      "i": [
                        [0, 0],
                        [0, 0],
                        [0, 0]
                      ],
                      "o": [
                        [0, 0],
                        [0, 0],
                        [0, 0]
                      ],
                      "v": [
                        [-150.442, 16.295],
                        [-61.011, 105.726],
                        [150.442, -105.726]
                      ],
                      "c": false
                    },
                    "ix": 2
                  },
                  "nm": "Path 1",
                  "mn": "ADBE Vector Shape - Group",
                  "hd": false
                },
                {
                  "ty": "st",
                  "c": {"a": 0, "k": [1, 1, 1, 1], "ix": 3},
                  "o": {"a": 0, "k": 100, "ix": 4},
                  "w": {"a": 0, "k": 40, "ix": 5},
                  "lc": 1,
                  "lj": 1,
                  "ml": 10,
                  "bm": 0,
                  "nm": "Stroke 1",
                  "mn": "ADBE Vector Graphic - Stroke",
                  "hd": false
                },
                {
                  "ty": "tr",
                  "p": {"a": 0, "k": [250.442, 205.727], "ix": 2},
                  "a": {"a": 0, "k": [0, 0], "ix": 1},
                  "s": {"a": 0, "k": [100, 100], "ix": 3},
                  "r": {"a": 0, "k": 0, "ix": 6},
                  "o": {"a": 0, "k": 100, "ix": 7},
                  "sk": {"a": 0, "k": 0, "ix": 4},
                  "sa": {"a": 0, "k": 0, "ix": 5},
                  "nm": "Transform"
                }
              ],
              "nm": "Group 1",
              "np": 2,
              "cix": 2,
              "bm": 0,
              "ix": 1,
              "mn": "ADBE Vector Group",
              "hd": false
            },
            {
              "ty": "tm",
              "s": {
                "a": 1,
                "k": [
                  {
                    "i": {"x": [0.667], "y": [1]},
                    "o": {"x": [0.333], "y": [0]},
                    "t": 25,
                    "s": [0]
                  },
                  {"t": 33, "s": [100]}
                ],
                "ix": 1
              },
              "e": {
                "a": 1,
                "k": [
                  {
                    "i": {"x": [0.667], "y": [1]},
                    "o": {"x": [0.333], "y": [0]},
                    "t": 11,
                    "s": [0]
                  },
                  {"t": 17, "s": [100]}
                ],
                "ix": 2
              },
              "o": {"a": 0, "k": 0, "ix": 3},
              "m": 1,
              "ix": 2,
              "nm": "Trim Paths 1",
              "mn": "ADBE Vector Filter - Trim",
              "hd": false
            }
          ],
          "ip": 11,
          "op": 66,
          "st": 11,
          "bm": 0
        },
        {
          "ddd": 0,
          "ind": 3,
          "ty": 4,
          "nm": "Circle Outlines",
          "sr": 1,
          "ks": {
            "o": {"a": 0, "k": 100, "ix": 11},
            "r": {"a": 0, "k": 0, "ix": 10},
            "p": {"a": 0, "k": [250, 250, 0], "ix": 2, "l": 2},
            "a": {"a": 0, "k": [242.777, 242.776, 0], "ix": 1, "l": 2},
            "s": {
              "a": 1,
              "k": [
                {
                  "i": {"x": [0.667, 0.667, 0.667], "y": [1, 1, 1]},
                  "o": {"x": [0.333, 0.333, 0.333], "y": [0, 0, 0]},
                  "t": 0,
                  "s": [0, 0, 100]
                },
                {"t": 10, "s": [100, 100, 100]}
              ],
              "ix": 6,
              "l": 2
            }
          },
          "ao": 0,
          "shapes": [
            {
              "ty": "gr",
              "it": [
                {
                  "ind": 0,
                  "ty": "sh",
                  "ix": 1,
                  "ks": {
                    "a": 0,
                    "k": {
                      "i": [
                        [0, -133.943],
                        [133.943, 0],
                        [0, 133.943],
                        [-133.944, 0]
                      ],
                      "o": [
                        [0, 133.943],
                        [-133.944, 0],
                        [0, -133.943],
                        [133.943, 0]
                      ],
                      "v": [
                        [242.527, 0],
                        [0, 242.526],
                        [-242.527, 0],
                        [0, -242.526]
                      ],
                      "c": true
                    },
                    "ix": 2
                  },
                  "nm": "Path 1",
                  "mn": "ADBE Vector Shape - Group",
                  "hd": false
                },
                {
                  "ty": "fl",
                  "c": {
                    "a": 0,
                    "k": [0.811999990426, 0.2, 0.224000010771, 1],
                    "ix": 4
                  },
                  "o": {"a": 0, "k": 100, "ix": 5},
                  "r": 1,
                  "bm": 0,
                  "nm": "Fill 1",
                  "mn": "ADBE Vector Graphic - Fill",
                  "hd": false
                },
                {
                  "ty": "tr",
                  "p": {"a": 0, "k": [242.777, 242.776], "ix": 2},
                  "a": {"a": 0, "k": [0, 0], "ix": 1},
                  "s": {"a": 0, "k": [100, 100], "ix": 3},
                  "r": {"a": 0, "k": 0, "ix": 6},
                  "o": {"a": 0, "k": 100, "ix": 7},
                  "sk": {"a": 0, "k": 0, "ix": 4},
                  "sa": {"a": 0, "k": 0, "ix": 5},
                  "nm": "Transform"
                }
              ],
              "nm": "Group 1",
              "np": 2,
              "cix": 2,
              "bm": 0,
              "ix": 1,
              "mn": "ADBE Vector Group",
              "hd": false
            }
          ],
          "ip": 0,
          "op": 55,
          "st": 0,
          "bm": 0
        }
      ]
    }
  ],
  "layers": [
    {
      "ddd": 0,
      "ind": 1,
      "ty": 0,
      "nm": "New Success Lottie",
      "refId": "comp_0",
      "sr": 1,
      "ks": {
        "o": {"a": 0, "k": 100, "ix": 11},
        "r": {"a": 0, "k": 0, "ix": 10},
        "p": {"a": 0, "k": [250, 250, 0], "ix": 2, "l": 2},
        "a": {"a": 0, "k": [250, 250, 0], "ix": 1, "l": 2},
        "s": {"a": 0, "k": [100, 100, 100], "ix": 6, "l": 2}
      },
      "ao": 0,
      "w": 500,
      "h": 500,
      "ip": 0,
      "op": 55,
      "st": 0,
      "bm": 0
    },
    {
      "ddd": 0,
      "ind": 2,
      "ty": 4,
      "nm": "Shape Layer 1",
      "sr": 1,
      "ks": {
        "o": {"a": 0, "k": 100, "ix": 11},
        "r": {"a": 0, "k": 0, "ix": 10},
        "p": {"a": 0, "k": [250, 250, 0], "ix": 2, "l": 2},
        "a": {"a": 0, "k": [0, 0, 0], "ix": 1, "l": 2},
        "s": {"a": 0, "k": [100, 100, 100], "ix": 6, "l": 2}
      },
      "ao": 0,
      "shapes": [
        {
          "ty": "gr",
          "it": [
            {
              "ty": "rc",
              "d": 1,
              "s": {"a": 0, "k": [500, 500], "ix": 2},
              "p": {"a": 0, "k": [0, 0], "ix": 3},
              "r": {"a": 0, "k": 0, "ix": 4},
              "nm": "Rectangle Path 1",
              "mn": "ADBE Vector Shape - Rect",
              "hd": false
            },
            {
              "ty": "fl",
              "c": {"a": 0, "k": [1, 1, 1, 1], "ix": 4},
              "o": {"a": 0, "k": 100, "ix": 5},
              "r": 1,
              "bm": 0,
              "nm": "Fill 1",
              "mn": "ADBE Vector Graphic - Fill",
              "hd": false
            },
            {
              "ty": "tr",
              "p": {"a": 0, "k": [0, 0], "ix": 2},
              "a": {"a": 0, "k": [0, 0], "ix": 1},
              "s": {"a": 0, "k": [100, 100], "ix": 3},
              "r": {"a": 0, "k": 0, "ix": 6},
              "o": {"a": 0, "k": 100, "ix": 7},
              "sk": {"a": 0, "k": 0, "ix": 4},
              "sa": {"a": 0, "k": 0, "ix": 5},
              "nm": "Transform"
            }
          ],
          "nm": "Rectangle 1",
          "np": 3,
          "cix": 2,
          "bm": 0,
          "ix": 1,
          "mn": "ADBE Vector Group",
          "hd": false
        }
      ],
      "ip": 0,
      "op": 55,
      "st": 0,
      "bm": 0
    }
  ],
  "markers": []
}
